id,H,T,MWDIR
202105081733.jpg,0.36,2.62,84.0
202105081833.jpg,0.29,2.6,66.0
202105081933.jpg,0.43,2.64,232.0
202105082033.jpg,0.39,2.74,249.0
202105082133.jpg,0.37,3.21,244.0
202105082233.jpg,0.27,2.98,173.0
202105090033.jpg,0.35,2.46,73.0
202105091133.jpg,0.62,3.07,58.0
202105091233.jpg,0.64,3.9,51.0
202105091333.jpg,0.63,3.78,49.0
202105091433.jpg,0.64,3.66,39.0
202105091533.jpg,0.65,3.63,20.0
202105091633.jpg,0.63,3.29,16.0
202105091733.jpg,0.55,3.34,349.0
202105091833.jpg,0.6,3.35,350.0
202105091933.jpg,0.67,3.54,355.0
202105092033.jpg,0.87,4.34,2.0
202105092133.jpg,1.12,5.65,169.0
202105092233.jpg,1.0,5.23,168.0
202105101133.jpg,0.83,4.79,90.0
202105101233.jpg,0.91,4.2,88.0
202105101333.jpg,0.94,4.5,61.0
202105101433.jpg,0.97,4.14,78.0
202105101633.jpg,1.0,4.13,92.0
202105101733.jpg,1.06,4.26,87.0
202105101833.jpg,0.88,3.87,88.0
202105101933.jpg,0.95,4.28,78.0
202105102033.jpg,0.68,3.78,75.0
202105102133.jpg,0.62,3.61,82.0
202105102233.jpg,0.73,3.82,87.0
202105110033.jpg,0.58,3.62,76.0
202105110133.jpg,0.74,3.6,103.0
202105111133.jpg,0.63,4.28,76.0
202105111233.jpg,0.59,4.21,55.0
202105111333.jpg,0.55,4.26,73.0
202105111433.jpg,0.54,3.83,84.0
202105111533.jpg,0.6,2.98,91.0
202105111633.jpg,0.58,3.08,83.0
202105111733.jpg,0.69,3.89,91.0
202105111833.jpg,0.59,3.75,86.0
202105111933.jpg,0.58,3.7,70.0
202105112033.jpg,0.56,3.47,69.0
202105112133.jpg,0.65,4.24,86.0
202105112233.jpg,0.69,4.62,80.0
202105120033.jpg,0.69,4.94,95.0
202105120133.jpg,0.65,4.56,86.0
202105121133.jpg,0.41,3.34,96.0
202105121233.jpg,0.36,3.18,95.0
202105121333.jpg,0.34,3.24,94.0
202105121433.jpg,0.35,3.75,86.0
202105121533.jpg,0.3,2.62,79.0
202105121633.jpg,0.28,3.01,96.0
202105121733.jpg,0.25,2.85,86.0
202105121833.jpg,0.24,2.54,89.0
202105121933.jpg,0.21,2.94,81.0
202105122033.jpg,0.2,2.97,89.0
202105122133.jpg,0.16,2.77,78.0
202105122233.jpg,0.15,2.73,78.0
202105130033.jpg,0.12,2.66,62.0
202105130133.jpg,0.13,99.0,107.0
202105131133.jpg,0.06,5.1,289.0
202105131233.jpg,0.06,2.23,171.0
202105131333.jpg,0.06,3.53,233.0
202105131433.jpg,0.06,2.45,120.0
202105131533.jpg,0.05,2.18,10.0
202105131633.jpg,0.06,2.98,247.0
202105131733.jpg,0.09,2.48,112.0
202105131833.jpg,0.09,3.43,274.0
202105131933.jpg,0.06,3.08,266.0
202105132033.jpg,0.05,3.14,276.0
202105132133.jpg,0.07,2.34,147.0
202105132233.jpg,0.05,3.12,24.0
202105140033.jpg,0.04,2.42,111.0
202105140133.jpg,0.04,2.18,145.0
202105141133.jpg,0.08,99.0,231.0
202105141233.jpg,0.1,2.54,107.0
202105141333.jpg,0.08,99.0,31.0
202105141433.jpg,0.09,2.33,292.0
202105141533.jpg,0.06,2.38,148.0
202105141633.jpg,0.09,2.11,352.0
202105141733.jpg,0.07,5.89,219.0
202105141833.jpg,0.1,3.07,170.0
202105141933.jpg,0.07,99.0,97.0
202105142033.jpg,0.08,99.0,276.0
202105142133.jpg,0.08,99.0,83.0
202105142233.jpg,0.05,4.79,24.0
202105150033.jpg,0.09,3.1,292.0
202105150133.jpg,0.07,99.0,235.0
202105151133.jpg,0.14,99.0,175.0
202105151233.jpg,0.13,99.0,229.0
202105151333.jpg,0.15,99.0,195.0
202105151433.jpg,0.17,99.0,271.0
202105151533.jpg,0.13,99.0,274.0
202105151633.jpg,0.1,99.0,268.0
202105151733.jpg,0.08,2.86,294.0
202105151833.jpg,0.09,2.5,242.0
202105151933.jpg,0.06,3.31,300.0
202105152033.jpg,0.06,4.6,166.0
202105152133.jpg,0.11,99.0,153.0
202105152233.jpg,0.08,99.0,189.0
202105160033.jpg,0.06,99.0,270.0
202105160133.jpg,0.07,99.0,255.0
202105161133.jpg,0.04,3.31,326.0
202105161233.jpg,0.07,2.35,167.0
202105161333.jpg,0.1,2.04,236.0
202105161433.jpg,0.12,99.0,5.0
202105161533.jpg,0.17,99.0,6.0
202105161633.jpg,0.16,99.0,354.0
202105161733.jpg,0.18,99.0,350.0
202105161833.jpg,0.18,2.13,339.0
202105161933.jpg,0.18,2.43,341.0
202105162033.jpg,0.18,2.53,351.0
202105162133.jpg,0.16,2.45,346.0
202105162233.jpg,0.13,2.57,345.0
202105170033.jpg,0.1,2.35,10.0
202105170133.jpg,0.08,2.44,105.0
202105171133.jpg,0.07,2.34,52.0
202105171233.jpg,0.05,4.18,58.0
202105171333.jpg,0.06,4.12,320.0
202105171433.jpg,0.05,2.41,231.0
202105171533.jpg,0.05,4.2,194.0
202105171633.jpg,0.1,99.0,101.0
202105171733.jpg,0.1,99.0,266.0
202105171833.jpg,0.09,99.0,27.0
202105171933.jpg,0.09,3.8,235.0
202105172033.jpg,0.12,99.0,141.0
202105172133.jpg,0.1,99.0,145.0
202105172233.jpg,0.1,99.0,99.0
202105180033.jpg,0.08,2.16,162.0
202105180133.jpg,0.09,99.0,247.0
202105181133.jpg,0.24,99.0,307.0
202105181233.jpg,0.24,99.0,215.0
202105181333.jpg,0.25,2.02,175.0
202105181433.jpg,0.24,2.06,83.0
202105181533.jpg,0.22,99.0,334.0
202105181633.jpg,0.25,2.22,313.0
202105181733.jpg,0.24,2.03,130.0
202105181833.jpg,0.2,99.0,325.0
202105181933.jpg,0.13,99.0,82.0
202105182033.jpg,0.08,5.51,121.0
202105182133.jpg,0.06,2.72,86.0
202105182233.jpg,0.06,2.81,145.0
202105190033.jpg,0.21,99.0,96.0
202105190133.jpg,0.28,2.15,120.0
202105191133.jpg,0.3,2.49,180.0
202105191233.jpg,0.31,2.21,190.0
202105191333.jpg,0.26,2.23,229.0
202105191433.jpg,0.28,2.45,231.0
202105191533.jpg,0.29,2.63,234.0
202105191633.jpg,0.27,2.32,278.0
202105191733.jpg,0.3,9.09,297.0
202105191833.jpg,0.23,2.11,241.0
202105191933.jpg,0.18,2.74,78.0
202105192033.jpg,0.13,2.34,320.0
202105192133.jpg,0.1,2.28,84.0
202105192233.jpg,0.07,2.27,272.0
202105200033.jpg,0.09,99.0,4.0
202105200133.jpg,0.11,99.0,295.0
202105201133.jpg,0.14,99.0,281.0
202105201233.jpg,0.2,99.0,4.0
202105201333.jpg,0.19,2.14,163.0
202105201433.jpg,0.2,99.0,169.0
202105201533.jpg,0.2,99.0,159.0
202105201633.jpg,0.21,2.21,183.0
202105201733.jpg,0.18,99.0,189.0
202105201833.jpg,0.17,2.03,202.0
202105201933.jpg,0.12,2.44,216.0
202105202033.jpg,0.1,2.15,218.0
202105202133.jpg,0.07,2.14,236.0
202105202233.jpg,0.06,2.27,240.0
202105210033.jpg,0.04,5.36,304.0
202105210133.jpg,0.04,2.53,276.0
202105211133.jpg,0.19,2.29,191.0
202105211233.jpg,0.18,2.48,192.0
202105211333.jpg,0.19,2.13,200.0
202105211433.jpg,0.2,9.84,279.0
202105211533.jpg,0.19,99.0,256.0
202105211633.jpg,0.17,99.0,270.0
202105211733.jpg,0.22,99.0,228.0
202105211833.jpg,0.19,99.0,231.0
202105212033.jpg,0.11,2.0,258.0
202105212133.jpg,0.09,2.27,244.0
202105212233.jpg,0.11,2.03,226.0
202105220033.jpg,0.08,99.0,174.0
202105220133.jpg,0.08,3.49,307.0
202105221133.jpg,0.11,3.9,51.0
202105221233.jpg,0.1,2.14,153.0
202105221333.jpg,0.1,3.14,102.0
202105221533.jpg,0.13,2.02,77.0
202105221633.jpg,0.12,2.31,219.0
202105221733.jpg,0.13,2.48,310.0
202105222033.jpg,0.1,2.21,61.0
202105222133.jpg,0.08,2.62,331.0
202105222233.jpg,0.07,3.33,128.0
202105230033.jpg,0.14,99.0,126.0
202105230133.jpg,0.16,99.0,77.0
202105231133.jpg,0.12,99.0,227.0
202105231233.jpg,0.09,2.08,344.0
202105231333.jpg,0.1,2.62,141.0
202105231433.jpg,0.1,99.0,231.0
202105231533.jpg,0.1,2.5,25.0
202105231633.jpg,0.08,2.9,192.0
202105231733.jpg,0.08,3.19,153.0
202105231833.jpg,0.08,3.23,163.0
202105231933.jpg,0.06,3.23,323.0
202105232033.jpg,0.14,99.0,193.0
202105232133.jpg,0.33,2.5,5.0
202105232233.jpg,0.43,3.05,82.0
202105240033.jpg,0.51,4.0,85.0
202105240133.jpg,0.55,3.97,127.0
202105241133.jpg,0.44,5.61,62.0
202105241233.jpg,0.43,5.36,354.0
202105241333.jpg,0.44,5.13,110.0
202105251133.jpg,0.2,2.3,999.0
202105251233.jpg,0.3,2.44,999.0
202105251333.jpg,0.32,2.72,999.0
202105251433.jpg,0.33,2.69,999.0
202105251533.jpg,0.39,3.13,999.0
202105251633.jpg,0.42,3.16,999.0
202105251733.jpg,0.53,3.39,999.0
202105251833.jpg,0.46,3.19,999.0
202105251933.jpg,0.39,3.13,999.0
202105252033.jpg,0.37,3.41,999.0
202105252133.jpg,0.41,2.93,999.0
202105252233.jpg,0.41,3.26,999.0
202105260033.jpg,0.27,3.37,999.0
202105260133.jpg,0.34,3.21,999.0
202105261133.jpg,0.17,2.27,999.0
202105261233.jpg,0.17,2.13,999.0
202105261333.jpg,0.14,2.13,999.0
202105261433.jpg,0.16,2.42,999.0
202105261533.jpg,0.12,2.11,999.0
202105261633.jpg,0.09,2.05,999.0
202105261733.jpg,0.08,99.0,999.0
202105261833.jpg,0.09,3.18,999.0
202105261933.jpg,0.19,99.0,999.0
202105262033.jpg,0.27,2.14,999.0
202105262133.jpg,0.25,2.21,999.0
202105262233.jpg,0.19,2.17,999.0
202105270033.jpg,0.44,2.55,999.0
202105270133.jpg,0.67,3.41,999.0
202105271133.jpg,0.73,4.8,999.0
202105271233.jpg,0.89,4.96,999.0
202105271333.jpg,1.22,5.22,999.0
202105271433.jpg,1.53,5.0,999.0
202105271533.jpg,1.65,5.31,999.0
202105271633.jpg,1.81,5.77,999.0
202105271733.jpg,1.58,4.92,999.0
202105271833.jpg,1.46,5.51,999.0
202105271933.jpg,1.2,6.0,999.0
202105272033.jpg,1.1,6.38,999.0
202105272133.jpg,1.23,7.14,999.0
202105272233.jpg,1.19,6.19,999.0
202105280033.jpg,1.2,6.82,999.0
202105280133.jpg,1.06,5.77,999.0
202105281133.jpg,1.07,4.48,999.0
202105281233.jpg,2.05,7.32,999.0
202105281333.jpg,1.26,6.67,999.0
202105281433.jpg,2.02,6.74,999.0
202105281533.jpg,1.41,6.82,999.0
202105281633.jpg,1.45,6.38,999.0
202105281733.jpg,1.45,6.82,999.0
202105281833.jpg,1.29,5.41,999.0
202105281933.jpg,1.35,6.52,999.0
202105282033.jpg,1.51,6.19,999.0
202105282133.jpg,1.24,5.31,999.0
202105290133.jpg,1.35,7.5,999.0
202105291133.jpg,1.16,5.26,999.0
202105291233.jpg,0.98,5.22,999.0
202105291333.jpg,1.04,4.88,999.0
202105291433.jpg,0.84,4.84,999.0
202105291533.jpg,0.9,5.0,999.0
202105291633.jpg,1.09,4.8,999.0
202105291733.jpg,1.27,5.22,999.0
202105291833.jpg,1.27,4.8,999.0
202105291933.jpg,1.25,4.8,999.0
202105292033.jpg,1.32,4.8,999.0
202105292133.jpg,1.11,5.26,999.0
202105292233.jpg,0.84,5.36,999.0
202105300033.jpg,0.8,4.88,999.0
202105300133.jpg,0.59,4.88,999.0
202105301133.jpg,0.23,3.82,999.0
202105301333.jpg,0.31,3.95,999.0
202105301433.jpg,0.29,3.95,999.0
202105301533.jpg,0.3,4.51,999.0
202105301633.jpg,0.28,4.48,999.0
202105301733.jpg,0.24,3.92,999.0
202105301833.jpg,0.23,4.2,999.0
202105301933.jpg,0.25,4.17,999.0
202105302033.jpg,0.24,2.14,999.0
202105302133.jpg,0.2,99.0,999.0
202105302233.jpg,0.17,4.03,999.0
202105310033.jpg,0.17,99.0,999.0
202105310133.jpg,0.2,99.0,999.0
202105311133.jpg,0.17,2.17,999.0
202105311233.jpg,0.14,2.14,999.0
202105311333.jpg,0.14,2.17,999.0
202105311433.jpg,0.16,2.29,999.0
202105311533.jpg,0.19,2.3,999.0
202105311633.jpg,0.14,2.35,999.0
202105311733.jpg,0.17,2.0,999.0
202105311833.jpg,0.19,2.15,999.0
202105311933.jpg,0.27,2.27,999.0
202105312033.jpg,0.25,2.41,999.0
202105312133.jpg,0.25,2.63,999.0
202105312233.jpg,0.24,2.4,999.0
202106010033.jpg,0.15,2.46,999.0
202106010133.jpg,0.11,2.25,999.0
202106011133.jpg,0.04,99.0,999.0
202106011233.jpg,0.04,99.0,999.0
202106011333.jpg,0.12,99.0,999.0
202106011433.jpg,0.15,99.0,999.0
202106011533.jpg,0.13,99.0,999.0
202106011633.jpg,0.11,99.0,999.0
202106011733.jpg,0.14,3.32,999.0
202106011833.jpg,0.14,4.65,999.0
202106011933.jpg,0.2,4.26,999.0
202106012033.jpg,0.18,4.29,999.0
202106012133.jpg,0.16,4.0,999.0
202106012233.jpg,0.12,3.97,999.0
202106020033.jpg,0.1,4.06,999.0
202106020133.jpg,0.09,3.73,999.0
202106021133.jpg,0.13,99.0,999.0
202106021233.jpg,0.17,99.0,999.0
202106021333.jpg,0.21,99.0,999.0
202106021433.jpg,0.22,2.04,999.0
202106021533.jpg,0.27,2.21,999.0
202106021633.jpg,0.27,2.21,999.0
202106021733.jpg,0.26,2.37,999.0
202106021833.jpg,0.23,2.32,999.0
202106021933.jpg,0.18,2.57,999.0
202106022033.jpg,0.18,2.73,999.0
202106022133.jpg,0.19,2.44,999.0
202106022233.jpg,0.17,2.53,999.0
202106030033.jpg,0.17,2.49,999.0
202106030133.jpg,0.15,2.34,999.0
202106031233.jpg,0.09,2.74,999.0
202106031333.jpg,0.08,2.43,999.0
202106031433.jpg,0.09,2.49,999.0
202106031533.jpg,0.08,2.63,999.0
202106031633.jpg,0.08,2.99,999.0
202106031733.jpg,0.07,99.0,999.0
202106031833.jpg,0.06,4.69,999.0
202106031933.jpg,0.06,99.0,999.0
202106032033.jpg,0.05,2.45,999.0
202106032133.jpg,0.07,2.8,999.0
202106040033.jpg,0.13,99.0,999.0
202106040133.jpg,0.16,99.0,999.0
202106041133.jpg,0.25,2.45,999.0
202106041233.jpg,0.28,2.73,999.0
202106041333.jpg,0.23,2.45,999.0
202106041433.jpg,0.22,2.91,999.0
202106041533.jpg,0.22,2.73,999.0
202106041633.jpg,0.26,2.72,999.0
202106041733.jpg,0.29,2.91,999.0
202106041833.jpg,0.29,2.94,999.0
202106041933.jpg,0.36,3.11,999.0
202106042033.jpg,0.36,2.77,999.0
202106042133.jpg,0.35,2.93,999.0
202106042233.jpg,0.32,3.0,999.0
202106050033.jpg,0.39,2.67,999.0
202106050133.jpg,0.33,2.78,999.0
202106051133.jpg,0.22,2.39,999.0
202106051233.jpg,0.23,2.58,999.0
202106051333.jpg,0.23,2.27,999.0
202106051433.jpg,0.23,2.72,999.0
202106051533.jpg,0.22,2.69,999.0
202106051633.jpg,0.25,2.58,999.0
202106051733.jpg,0.3,2.73,999.0
202106051933.jpg,0.29,2.72,999.0
202106052033.jpg,0.26,2.79,999.0
202106052233.jpg,0.21,2.52,999.0
202106060033.jpg,0.3,2.17,999.0
202106060133.jpg,0.3,2.32,999.0
202106061133.jpg,0.13,2.07,999.0
202106061233.jpg,0.14,99.0,999.0
202106061333.jpg,0.16,99.0,999.0
202106061433.jpg,0.22,99.0,999.0
202106061533.jpg,0.3,2.07,999.0
202106061733.jpg,0.23,99.0,999.0
202106061833.jpg,0.24,2.28,999.0
202106061933.jpg,0.26,2.0,999.0
202106062033.jpg,0.23,2.03,999.0
202106062133.jpg,0.17,99.0,999.0
202106070033.jpg,0.2,2.01,999.0
202106070133.jpg,0.23,99.0,999.0
202106071133.jpg,0.08,99.0,999.0
202106071233.jpg,0.07,99.0,999.0
202106071333.jpg,0.09,2.63,999.0
202106071433.jpg,0.08,99.0,999.0
202106071533.jpg,0.07,99.0,999.0
202106071633.jpg,0.07,4.08,999.0
202106071733.jpg,0.05,99.0,999.0
202106071833.jpg,0.08,2.57,999.0
202106071933.jpg,0.04,99.0,999.0
202106072033.jpg,0.05,5.51,999.0
202106072233.jpg,0.06,4.26,999.0
202106080033.jpg,0.05,4.38,999.0
202106080133.jpg,0.03,2.62,999.0
202106081133.jpg,0.06,3.35,999.0
202106081233.jpg,0.06,4.06,999.0
202106081433.jpg,0.09,3.45,999.0
202106081533.jpg,0.05,2.27,999.0
202106081633.jpg,0.06,99.0,999.0
202106081733.jpg,0.05,4.2,999.0
202106081833.jpg,0.06,99.0,999.0
202106081933.jpg,0.12,99.0,999.0
202106082033.jpg,0.14,99.0,999.0
202106082133.jpg,0.14,99.0,999.0
202106082233.jpg,0.13,99.0,999.0
202106090033.jpg,0.06,99.0,999.0
202106090133.jpg,0.08,99.0,999.0
202106091233.jpg,0.04,2.82,999.0
202106091333.jpg,0.04,2.59,999.0
202106091433.jpg,0.11,99.0,999.0
202106091533.jpg,0.21,99.0,999.0
202106091633.jpg,0.17,2.05,999.0
202106091733.jpg,0.18,2.23,999.0
202106091833.jpg,0.21,99.0,999.0
202106091933.jpg,0.29,2.33,999.0
202106092033.jpg,0.26,2.3,999.0
202106092133.jpg,0.25,2.51,999.0
202106092233.jpg,0.22,2.31,999.0
202106100033.jpg,0.19,2.55,999.0
202106100133.jpg,0.18,2.41,999.0
202106101133.jpg,0.13,2.78,999.0
202106101233.jpg,0.15,99.0,999.0
202106101333.jpg,0.19,3.05,999.0
202106101433.jpg,0.16,2.64,999.0
202106101533.jpg,0.2,99.0,999.0
202106101633.jpg,0.23,99.0,999.0
202106101733.jpg,0.2,99.0,999.0
202106101833.jpg,0.18,99.0,999.0
202106102033.jpg,0.18,2.0,999.0
202106102133.jpg,0.16,2.01,999.0
202106102233.jpg,0.16,99.0,999.0
202106110133.jpg,0.12,99.0,999.0
202106111133.jpg,0.08,2.16,999.0
202106111233.jpg,0.08,2.61,999.0
202106111333.jpg,0.11,2.09,999.0
202106111533.jpg,0.1,2.91,999.0
202106111633.jpg,0.09,2.06,999.0
202106111733.jpg,0.11,2.13,999.0
202106111833.jpg,0.11,2.12,999.0
202106111933.jpg,0.09,8.34,999.0
202106112033.jpg,0.09,99.0,999.0
202106112133.jpg,0.09,2.96,999.0
202106112233.jpg,0.08,3.62,999.0
202106120033.jpg,0.08,99.0,999.0
202106120133.jpg,0.22,99.0,999.0
202106121133.jpg,0.16,2.7,999.0
202106121233.jpg,0.18,2.36,999.0
202106121333.jpg,0.24,2.86,999.0
202106121433.jpg,0.26,99.0,999.0
202106121533.jpg,0.28,3.19,999.0
202106121635.jpg,0.34,2.26,999.0
202106121733.jpg,0.35,2.37,999.0
202106121833.jpg,0.34,2.44,999.0
202106121933.jpg,0.33,2.73,999.0
202106122033.jpg,0.3,2.97,999.0
202106122133.jpg,0.32,4.69,999.0
202106122233.jpg,0.37,5.17,999.0
202106130033.jpg,0.36,4.41,999.0
202106130133.jpg,0.31,4.41,999.0
202106131133.jpg,0.38,3.57,999.0
202106131233.jpg,0.57,4.08,999.0
202106131333.jpg,0.55,3.49,999.0
202106131433.jpg,0.5,3.59,999.0
202106131533.jpg,0.37,3.53,999.0
202106131633.jpg,0.33,3.26,999.0
202106131733.jpg,0.31,3.55,999.0
202106131833.jpg,0.28,3.62,999.0
202106131933.jpg,0.22,3.21,999.0
202106132033.jpg,0.18,3.13,999.0
202106132133.jpg,0.16,2.83,999.0
202106132233.jpg,0.18,2.86,999.0
202106140133.jpg,0.26,2.01,999.0
202106141133.jpg,0.94,4.35,999.0
202106141233.jpg,0.93,3.59,999.0
202106141333.jpg,0.84,5.77,999.0
202106141433.jpg,0.83,4.88,999.0
202106141533.jpg,0.63,5.22,999.0
202106141633.jpg,0.6,5.26,999.0
202106141733.jpg,0.47,5.26,999.0
202106141833.jpg,0.38,4.11,999.0
202106141933.jpg,0.55,4.62,999.0
202106142033.jpg,0.47,4.0,999.0
202106142233.jpg,0.59,4.17,999.0
202106150033.jpg,0.55,4.23,999.0
202106150133.jpg,0.54,3.87,999.0
202106151133.jpg,0.4,2.97,999.0
202106151233.jpg,0.43,3.68,999.0
202106151333.jpg,0.43,3.68,999.0
202106151433.jpg,0.47,3.43,999.0
202106151533.jpg,0.47,3.68,999.0
202106151633.jpg,0.54,3.7,999.0
202106151733.jpg,0.61,3.73,999.0
202106151833.jpg,0.67,3.85,999.0
202106151933.jpg,0.74,3.73,999.0
202106152033.jpg,0.9,4.38,999.0
202106152133.jpg,0.83,4.35,999.0
202106160033.jpg,1.07,5.94,999.0
202106160133.jpg,1.09,5.83,999.0
202106161133.jpg,0.51,4.51,999.0
202106161233.jpg,0.51,4.17,999.0
202106161333.jpg,0.46,4.11,999.0
202106161433.jpg,0.57,4.03,999.0
202106161533.jpg,0.6,3.95,999.0
202106161633.jpg,0.6,4.26,999.0
202106161733.jpg,0.5,3.24,999.0
202106161833.jpg,0.5,3.9,999.0
202106161933.jpg,0.42,4.2,999.0
202106162033.jpg,0.42,10.0,999.0
202106162233.jpg,0.44,3.97,999.0
202106170033.jpg,0.33,3.75,999.0
202106170133.jpg,0.29,2.96,999.0
202106171205.jpg,0.15,3.19,999.0
202106171334.jpg,0.13,3.49,999.0
202106171433.jpg,0.15,3.87,999.0
202106171533.jpg,0.11,3.8,999.0
202106171633.jpg,0.14,99.0,999.0
202106171734.jpg,0.13,4.29,999.0
202106171833.jpg,0.18,99.0,999.0
202106171933.jpg,0.24,99.0,999.0
202106172034.jpg,0.15,99.0,999.0
202106172134.jpg,0.11,99.0,999.0
202106172233.jpg,0.21,99.0,999.0
202106180033.jpg,0.44,2.4,999.0
202106180133.jpg,0.47,2.73,999.0
202106181133.jpg,0.29,3.95,999.0
202106181233.jpg,0.28,4.06,999.0
202106181333.jpg,0.29,3.87,999.0
202106181433.jpg,0.25,99.0,999.0
202106181533.jpg,0.24,3.55,999.0
202106181633.jpg,0.19,3.51,999.0
202106181733.jpg,0.18,3.59,999.0
202106181833.jpg,0.17,3.68,999.0
202106181933.jpg,0.15,2.58,999.0
202106182033.jpg,0.14,2.69,999.0
202106182133.jpg,0.13,2.27,999.0
202106182233.jpg,0.11,2.64,999.0
202106190033.jpg,0.09,3.85,999.0
202106190133.jpg,0.1,3.26,999.0
202106221433.jpg,0.4,5.83,999.0
202106221533.jpg,0.37,3.14,999.0
202106221633.jpg,0.34,2.97,999.0
202106221733.jpg,0.27,5.04,999.0
202106221833.jpg,0.25,5.31,999.0
202106221933.jpg,0.2,5.26,999.0
202106222033.jpg,0.2,5.13,999.0
202106222133.jpg,0.23,99.0,999.0
202106222233.jpg,0.2,5.22,999.0
202106230033.jpg,0.27,99.0,999.0
202106230133.jpg,0.35,2.32,999.0
202106231133.jpg,0.61,4.08,999.0
202106231233.jpg,0.51,3.43,999.0
202106231333.jpg,0.39,3.02,999.0
202106231433.jpg,0.35,99.0,999.0
202106231533.jpg,0.35,2.1,999.0
202106231633.jpg,0.46,2.5,999.0
202106231733.jpg,0.42,2.67,999.0
202106231833.jpg,0.32,2.29,999.0
202106231933.jpg,0.32,2.17,999.0
202106232033.jpg,0.26,99.0,999.0
202106232133.jpg,0.23,99.0,999.0
202106232233.jpg,0.33,2.08,999.0
202106240033.jpg,0.35,2.33,999.0
202106240133.jpg,0.38,2.21,999.0
202106241133.jpg,0.32,2.82,999.0
202106241233.jpg,0.34,2.79,999.0
202106241333.jpg,0.51,2.93,999.0
202106241433.jpg,0.43,2.37,999.0
202106241533.jpg,0.32,3.13,999.0
202106241633.jpg,0.28,3.49,999.0
202106241733.jpg,0.21,3.13,999.0
202106241833.jpg,0.23,3.23,999.0
202106241933.jpg,0.28,99.0,999.0
202106242033.jpg,0.34,2.06,999.0
202106242133.jpg,0.31,2.26,999.0
202106242233.jpg,0.33,99.0,999.0
202106250033.jpg,0.35,2.34,999.0
202106250133.jpg,0.36,2.34,999.0
202106251133.jpg,0.55,3.18,999.0
202106251233.jpg,0.65,3.87,999.0
202106251333.jpg,0.63,3.77,999.0
202106251433.jpg,0.44,3.28,999.0
202106251533.jpg,0.32,3.28,999.0
202106251633.jpg,0.24,2.94,999.0
202106251733.jpg,0.28,2.79,999.0
202106251833.jpg,0.21,2.78,999.0
202106251933.jpg,0.17,2.61,999.0
202106252033.jpg,0.14,2.0,999.0
202106252133.jpg,0.11,2.21,999.0
202106252233.jpg,0.08,2.57,999.0
202106260033.jpg,0.18,2.54,999.0
202106260133.jpg,0.21,99.0,999.0
202106261133.jpg,0.39,2.51,999.0
202106261233.jpg,0.54,2.8,999.0
202106261333.jpg,0.6,3.26,999.0
202106261433.jpg,0.55,3.55,999.0
202106261533.jpg,0.48,3.35,999.0
202106261633.jpg,0.43,3.53,999.0
202106261733.jpg,0.28,2.91,999.0
202106261833.jpg,0.28,2.9,999.0
202106261933.jpg,0.26,2.46,999.0
202106262033.jpg,0.29,2.5,999.0
202106262133.jpg,0.31,2.58,999.0
202106262233.jpg,0.36,2.8,999.0
202106270033.jpg,0.3,2.68,999.0
202106270133.jpg,0.31,2.84,999.0
202106271133.jpg,0.34,2.77,999.0
202106271233.jpg,0.44,3.13,999.0
202106271333.jpg,0.34,3.41,999.0
202106271433.jpg,0.37,3.09,999.0
202106271533.jpg,0.37,3.45,999.0
202106271633.jpg,0.28,3.39,999.0
202106271733.jpg,0.25,3.0,999.0
202106271833.jpg,0.25,2.73,999.0
202106271933.jpg,0.21,2.8,999.0
202106272033.jpg,0.28,8.0,999.0
202106272133.jpg,0.27,2.33,999.0
202106272233.jpg,0.27,2.82,999.0
202106280033.jpg,0.25,3.0,999.0
202106280133.jpg,0.21,3.14,999.0
202106281133.jpg,0.18,4.55,999.0
202106281233.jpg,0.15,4.2,999.0
202106281333.jpg,0.13,4.48,999.0
202106281433.jpg,0.15,4.41,999.0
202106281533.jpg,0.14,4.45,999.0
202106281633.jpg,0.17,3.08,999.0
202106281733.jpg,0.21,99.0,999.0
202106281833.jpg,0.26,2.24,999.0
202106281933.jpg,0.18,99.0,999.0
202106282033.jpg,0.12,3.95,999.0
202106282133.jpg,0.14,99.0,999.0
202106282233.jpg,0.1,99.0,999.0
202106290033.jpg,0.11,4.08,999.0
202106290133.jpg,0.1,99.0,999.0
202106291133.jpg,0.26,2.22,999.0
202106291233.jpg,0.24,2.28,999.0
202106291333.jpg,0.16,2.38,999.0
202106291433.jpg,0.12,2.16,999.0
202106291633.jpg,0.08,3.92,999.0
202106291733.jpg,0.08,99.0,999.0
202106291833.jpg,0.15,99.0,999.0
202106291933.jpg,0.21,2.15,999.0
202106292033.jpg,0.16,2.24,999.0
202106292133.jpg,0.12,2.16,999.0
202106292233.jpg,0.14,99.0,999.0
202106300033.jpg,0.1,99.0,999.0
202106300133.jpg,0.09,99.0,999.0
202106301133.jpg,0.13,99.0,999.0
202106301233.jpg,0.09,99.0,999.0
202106301333.jpg,0.1,99.0,999.0
202106301433.jpg,0.09,99.0,999.0
202106301533.jpg,0.1,2.29,999.0
202106301633.jpg,0.07,99.0,999.0
202106301733.jpg,0.06,3.35,999.0
202106301833.jpg,0.06,3.73,999.0
202106301933.jpg,0.07,99.0,999.0
202106302033.jpg,0.09,2.13,999.0
202106302133.jpg,0.07,5.36,999.0
202106302233.jpg,0.05,2.78,999.0
202107010033.jpg,0.04,3.11,999.0
202107010133.jpg,0.05,3.35,999.0
202107011133.jpg,0.73,3.7,999.0
202107011233.jpg,0.7,4.29,8.0
202107011333.jpg,0.89,4.0,15.0
202107011433.jpg,1.03,4.32,11.0
202107011533.jpg,1.0,5.17,19.0
202107011633.jpg,1.16,5.36,12.0
202107011733.jpg,1.48,5.51,6.0
202107011833.jpg,1.71,5.88,9.0
202107011933.jpg,1.71,6.12,11.0
202107012033.jpg,1.53,6.9,28.0
202107012133.jpg,1.96,7.14,14.0
202107012233.jpg,1.53,7.06,7.0
202107020033.jpg,1.34,5.51,22.0
202107020133.jpg,1.47,5.83,16.0
202107021133.jpg,0.95,5.41,26.0
202107021233.jpg,0.88,4.96,32.0
202107021333.jpg,0.72,5.17,24.0
202107021433.jpg,0.74,5.09,6.0
202107021533.jpg,0.74,4.32,8.0
202107021633.jpg,0.69,3.77,6.0
202107021733.jpg,0.66,4.17,350.0
202107021833.jpg,0.61,4.23,359.0
202107021933.jpg,0.58,4.69,1.0
202107022033.jpg,0.74,4.65,11.0
202107022133.jpg,0.69,4.62,20.0
202107022233.jpg,0.65,5.04,33.0
202107030033.jpg,0.59,5.26,19.0
202107030133.jpg,0.54,4.96,13.0
202107031133.jpg,0.44,3.43,313.0
202107031233.jpg,0.42,3.41,313.0
202107031333.jpg,0.32,3.41,307.0
202107031433.jpg,0.31,3.13,297.0
202107031533.jpg,0.29,3.43,258.0
202107031633.jpg,0.28,3.28,261.0
202107031733.jpg,0.27,3.11,318.0
202107031833.jpg,0.23,2.27,307.0
202107031933.jpg,0.21,99.0,325.0
202107032033.jpg,0.2,2.51,322.0
202107032133.jpg,0.24,2.15,315.0
202107032233.jpg,0.27,2.63,329.0
202107040133.jpg,0.28,2.83,259.0
202107041233.jpg,0.2,3.26,26.0
202107041333.jpg,0.18,2.03,350.0
202107041433.jpg,0.21,2.25,53.0
202107041533.jpg,0.19,2.3,50.0
202107041633.jpg,0.2,2.46,131.0
202107041733.jpg,0.21,2.26,123.0
202107041833.jpg,0.16,3.23,68.0
202107041933.jpg,0.21,3.35,69.0
202107042033.jpg,0.25,3.21,197.0
202107042233.jpg,0.24,99.0,235.0
202107050033.jpg,0.19,2.57,262.0
202107050133.jpg,0.19,2.21,256.0
202107051133.jpg,0.21,3.43,270.0
202107051233.jpg,0.19,2.1,266.0
202107051333.jpg,0.18,2.35,289.0
202107051433.jpg,0.22,2.4,263.0
202107051533.jpg,0.3,2.35,262.0
202107051633.jpg,0.37,2.59,238.0
202107051733.jpg,0.39,2.79,243.0
202107051833.jpg,0.42,3.11,252.0
202107051933.jpg,0.38,2.91,257.0
202107052033.jpg,0.38,3.23,259.0
202107052233.jpg,0.42,3.21,267.0
202107060033.jpg,0.37,2.83,249.0
202107060133.jpg,0.38,2.67,251.0
202107061133.jpg,0.23,2.7,276.0
202107061233.jpg,0.21,2.63,268.0
202107061333.jpg,0.18,2.62,260.0
202107061433.jpg,0.17,2.37,263.0
202107061533.jpg,0.16,2.36,243.0
202107061633.jpg,0.16,2.31,230.0
202107061733.jpg,0.19,2.53,244.0
202107061833.jpg,0.29,2.19,234.0
202107061933.jpg,0.34,2.42,229.0
202107062033.jpg,0.29,2.4,241.0
202107062133.jpg,0.29,2.68,257.0
202107062233.jpg,0.25,2.62,272.0
202107070033.jpg,0.18,2.3,264.0
202107070133.jpg,0.2,99.0,207.0
202107071133.jpg,0.42,5.83,336.0
202107071233.jpg,0.45,5.88,344.0
202107071333.jpg,0.55,5.66,326.0
202107071433.jpg,0.49,5.36,335.0
202107071533.jpg,0.51,5.56,341.0
202107071633.jpg,0.48,5.31,342.0
202107071733.jpg,0.43,4.51,341.0
202107071833.jpg,0.56,5.56,14.0
202107071933.jpg,0.7,3.73,6.0
202107072033.jpg,0.7,4.8,360.0
202107072133.jpg,0.59,3.85,8.0
202107072233.jpg,0.66,3.7,4.0
202107080033.jpg,0.62,4.06,351.0
202107080133.jpg,0.6,5.77,350.0
202107081133.jpg,1.27,6.12,6.0
202107081233.jpg,1.13,6.32,10.0
202107081333.jpg,1.29,6.12,16.0
202107081433.jpg,1.14,5.61,6.0
202107081533.jpg,1.21,5.09,13.0
202107081633.jpg,1.1,5.26,20.0
202107081733.jpg,1.1,10.0,26.0
202107081833.jpg,1.31,6.74,15.0
202107081933.jpg,1.45,6.25,18.0
202107082033.jpg,1.28,5.56,15.0
202107082133.jpg,1.31,6.74,15.0
202107090133.jpg,1.05,5.13,16.0
202107091233.jpg,0.69,5.09,9.0
202107091333.jpg,0.55,4.0,6.0
202107091433.jpg,0.45,4.48,335.0
202107091533.jpg,0.54,4.41,357.0
202107091633.jpg,0.52,4.58,13.0
202107091733.jpg,0.47,4.29,351.0
202107091833.jpg,0.39,4.0,353.0
202107091933.jpg,0.36,4.55,349.0
202107092033.jpg,0.34,4.38,352.0
202107092133.jpg,0.32,3.62,347.0
202107092233.jpg,0.28,4.51,353.0
202107100033.jpg,0.29,4.17,43.0
202107100133.jpg,0.34,3.64,1.0
202107101133.jpg,0.29,2.01,42.0
202107101233.jpg,0.3,3.21,62.0
202107101333.jpg,0.27,2.59,42.0
202107101433.jpg,0.25,3.21,9.0
202107101533.jpg,0.25,3.3,355.0
202107101633.jpg,0.22,3.18,336.0
202107101733.jpg,0.24,99.0,350.0
202107101833.jpg,0.25,2.34,43.0
202107101933.jpg,0.28,2.54,55.0
202107102033.jpg,0.3,2.69,57.0
202107102133.jpg,0.25,2.66,59.0
202107102233.jpg,0.29,2.44,66.0
202107110033.jpg,0.39,2.62,42.0
202107110133.jpg,0.44,2.77,41.0
202107111133.jpg,0.71,4.26,17.0
202107111233.jpg,0.79,4.2,21.0
202107111333.jpg,0.71,4.51,29.0
202107111433.jpg,0.75,3.97,22.0
202107111533.jpg,0.66,4.73,15.0
202107111633.jpg,0.64,4.76,25.0
202107111733.jpg,0.62,4.35,57.0
202107111833.jpg,0.52,4.03,21.0
202107111933.jpg,0.55,4.58,27.0
202107112033.jpg,0.56,4.45,332.0
202107112133.jpg,0.55,4.48,294.0
202107120033.jpg,0.5,3.92,4.0
202107120133.jpg,0.51,3.68,358.0
202107121133.jpg,0.37,3.95,0.0
202107121233.jpg,0.38,4.03,353.0
202107121333.jpg,0.34,4.29,1.0
202107121433.jpg,0.36,4.29,7.0
202107121533.jpg,0.4,3.85,16.0
202107121633.jpg,0.48,4.23,13.0
202107121733.jpg,0.37,3.95,356.0
202107121833.jpg,0.4,4.0,347.0
202107121933.jpg,0.37,3.87,358.0
202107122033.jpg,0.32,4.23,334.0
202107122133.jpg,0.41,3.97,7.0
202107122233.jpg,0.35,3.73,8.0
202107130033.jpg,0.3,3.47,1.0
202107130133.jpg,0.23,3.06,4.0
202107131133.jpg,0.17,3.02,321.0
202107131233.jpg,0.2,3.11,335.0
202107131333.jpg,0.3,99.0,346.0
202107131433.jpg,0.3,2.13,353.0
202107131533.jpg,0.32,2.32,2.0
202107131633.jpg,0.27,2.89,13.0
202107131733.jpg,0.21,2.93,12.0
202107131833.jpg,0.15,2.9,13.0
202107131933.jpg,0.13,3.16,14.0
202107132033.jpg,0.13,2.96,25.0
202107132133.jpg,0.13,2.93,350.0
202107132233.jpg,0.11,2.66,339.0
202107140133.jpg,0.24,99.0,253.0
202107141133.jpg,0.11,99.0,271.0
202107141233.jpg,0.14,99.0,260.0
202107141333.jpg,0.24,99.0,213.0
202107141433.jpg,0.26,2.25,230.0
202107141533.jpg,0.29,99.0,221.0
202107141633.jpg,0.34,2.33,225.0
202107141733.jpg,0.28,2.63,245.0
202107141833.jpg,0.26,2.61,266.0
202107141933.jpg,0.19,2.22,245.0
202107142033.jpg,0.2,99.0,201.0
202107142133.jpg,0.23,99.0,185.0
202107142233.jpg,0.34,2.37,201.0
202107150033.jpg,0.42,2.54,223.0
202107150133.jpg,0.51,3.03,227.0
202107151133.jpg,0.3,3.66,325.0
202107151233.jpg,0.28,3.49,308.0
202107151333.jpg,0.23,2.79,322.0
202107151433.jpg,0.17,2.69,321.0
202107151533.jpg,0.19,2.91,324.0
202107151633.jpg,0.17,2.94,308.0
202107151733.jpg,0.16,3.19,341.0
202107151833.jpg,0.22,2.79,316.0
202107151933.jpg,0.22,99.0,48.0
202107152033.jpg,0.24,2.28,210.0
202107152133.jpg,0.3,2.58,13.0
202107152233.jpg,0.31,2.72,14.0
202107160033.jpg,0.32,3.05,18.0
202107160133.jpg,0.3,2.97,27.0
202107161133.jpg,0.37,3.77,18.0
202107161233.jpg,0.33,3.47,11.0
202107161333.jpg,0.34,3.33,5.0
202107161433.jpg,0.38,3.37,351.0
202107161533.jpg,0.56,3.13,352.0
202107161633.jpg,0.63,3.62,354.0
202107161733.jpg,0.64,3.47,357.0
202107161833.jpg,0.73,4.06,339.0
202107161933.jpg,0.74,3.77,341.0
202107162033.jpg,0.68,4.73,333.0
202107162133.jpg,0.99,4.62,21.0
202107162233.jpg,0.83,4.73,14.0
202107170033.jpg,0.77,4.96,10.0
202107170133.jpg,0.77,4.92,5.0
202107171133.jpg,0.7,4.0,17.0
202107171233.jpg,0.62,3.9,8.0
202107171333.jpg,0.56,3.95,356.0
202107171533.jpg,0.61,3.85,18.0
202107171633.jpg,0.61,4.14,22.0
202107171733.jpg,0.55,4.41,33.0
202107171833.jpg,0.6,4.29,34.0
202107171933.jpg,0.65,3.97,32.0
202107172033.jpg,0.7,4.11,22.0
202107172133.jpg,0.68,4.41,7.0
202107172233.jpg,0.65,4.03,13.0
202107180033.jpg,0.7,4.45,19.0
202107180133.jpg,0.75,4.45,8.0
202107181133.jpg,0.33,3.8,3.0
202107181233.jpg,0.37,3.95,20.0
202107181333.jpg,0.39,4.23,30.0
202107181433.jpg,0.37,3.77,35.0
202107181533.jpg,0.4,3.66,31.0
202107181633.jpg,0.39,3.7,28.0
202107181733.jpg,0.38,3.23,22.0
202107181833.jpg,0.39,3.19,47.0
202107181933.jpg,0.41,3.39,50.0
202107182133.jpg,0.41,3.24,1.0
202107190033.jpg,0.41,3.43,7.0
202107190133.jpg,0.39,3.53,356.0
202107191133.jpg,0.18,2.99,19.0
202107191233.jpg,0.17,3.19,18.0
202107191333.jpg,0.18,2.87,48.0
202107191433.jpg,0.22,2.74,45.0
202107191533.jpg,0.23,99.0,48.0
202107191633.jpg,0.27,99.0,50.0
202107191733.jpg,0.27,2.1,40.0
202107191833.jpg,0.24,2.23,36.0
202107191933.jpg,0.21,2.3,11.0
202107192033.jpg,0.19,2.11,351.0
202107192133.jpg,0.16,2.27,3.0
202107192233.jpg,0.12,2.21,355.0
202107200033.jpg,0.1,2.08,348.0
202107200133.jpg,0.09,2.43,341.0
202107201133.jpg,0.2,2.22,323.0
202107201233.jpg,0.19,2.31,304.0
202107201333.jpg,0.21,2.69,331.0
202107201433.jpg,0.19,2.39,310.0
202107201533.jpg,0.15,2.64,316.0
202107201633.jpg,0.13,2.63,310.0
202107201733.jpg,0.23,99.0,4.0
202107201833.jpg,0.39,2.53,47.0
202107201933.jpg,0.58,3.35,34.0
202107202033.jpg,0.47,3.43,34.0
202107202133.jpg,0.45,3.23,36.0
202107202233.jpg,0.59,4.45,29.0
202107210033.jpg,0.81,4.38,19.0
202107210133.jpg,0.84,4.92,18.0
202107211133.jpg,0.76,6.45,337.0
202107211233.jpg,0.87,5.41,8.0
202107211333.jpg,0.61,5.56,329.0
202107211433.jpg,0.55,5.31,321.0
202107211533.jpg,0.56,5.51,322.0
202107211633.jpg,0.56,6.12,323.0
202107211733.jpg,0.49,5.94,325.0
202107211833.jpg,0.49,5.72,323.0
202107211933.jpg,0.47,5.41,326.0
202107212033.jpg,0.48,6.12,325.0
202107212233.jpg,0.61,3.82,5.0
202107220033.jpg,0.56,4.69,7.0
202107220133.jpg,0.6,4.26,1.0
202107221133.jpg,0.27,4.58,316.0
202107221233.jpg,0.22,4.14,322.0
202107221333.jpg,0.2,4.62,314.0
202107221433.jpg,0.18,4.48,308.0
202107221533.jpg,0.17,4.41,327.0
202107221633.jpg,0.16,4.35,329.0
202107221733.jpg,0.17,4.26,338.0
202107221833.jpg,0.15,4.17,4.0
202107221933.jpg,0.14,4.26,345.0
202107222033.jpg,0.12,4.2,353.0
202107222133.jpg,0.1,4.06,326.0
202107222233.jpg,0.17,99.0,144.0
202107230033.jpg,0.22,99.0,174.0
202107230133.jpg,0.21,99.0,181.0
202107231133.jpg,0.13,2.12,280.0
202107231233.jpg,0.12,2.17,294.0
202107231333.jpg,0.1,99.0,268.0
202107231433.jpg,0.09,2.05,176.0
202107231533.jpg,0.09,3.03,40.0
202107231633.jpg,0.11,2.34,24.0
202107231733.jpg,0.08,99.0,111.0
202107231833.jpg,0.19,99.0,31.0
202107231933.jpg,0.21,99.0,28.0
202107232033.jpg,0.19,2.17,23.0
202107232133.jpg,0.15,2.36,42.0
202107232233.jpg,0.11,2.15,14.0
202107240033.jpg,0.18,99.0,204.0
202107240133.jpg,0.23,99.0,222.0
202107241133.jpg,0.28,2.68,256.0
202107241233.jpg,0.26,99.0,247.0
202107241333.jpg,0.33,2.13,236.0
202107241433.jpg,0.35,2.53,238.0
202107241533.jpg,0.39,2.73,253.0
202107241633.jpg,0.43,2.35,260.0
202107241733.jpg,0.46,3.03,262.0
202107241933.jpg,0.59,4.38,307.0
202107242033.jpg,0.43,4.03,315.0
202107242133.jpg,0.34,3.57,301.0
202107242233.jpg,0.29,2.75,301.0
202107250033.jpg,0.17,2.73,302.0
202107250133.jpg,0.13,2.28,304.0
202107251133.jpg,0.12,2.26,121.0
202107251233.jpg,0.16,2.11,159.0
202107251433.jpg,0.19,2.27,132.0
202107251533.jpg,0.17,99.0,173.0
202107251633.jpg,0.16,99.0,152.0
202107251733.jpg,0.17,2.3,179.0
202107251833.jpg,0.16,2.87,85.0
202107251933.jpg,0.14,3.64,172.0
202107252033.jpg,0.15,2.33,270.0
202107252133.jpg,0.09,2.4,298.0
202107252233.jpg,0.12,99.0,296.0
202107260033.jpg,0.14,2.82,284.0
202107260133.jpg,0.15,99.0,268.0
202107261133.jpg,0.13,2.02,356.0
202107261233.jpg,0.13,2.2,1.0
202107261333.jpg,0.13,2.32,17.0
202107261433.jpg,0.14,2.2,14.0
202107261533.jpg,0.12,2.16,297.0
202107261633.jpg,0.11,2.18,340.0
202107261733.jpg,0.11,99.0,340.0
202107261833.jpg,0.1,2.7,342.0
202107261933.jpg,0.1,2.38,3.0
202107262033.jpg,0.11,2.15,63.0
202107262133.jpg,0.09,2.49,337.0
202107262233.jpg,0.14,99.0,238.0
202107270033.jpg,0.14,99.0,226.0
202107270133.jpg,0.14,99.0,245.0
202107271133.jpg,0.13,99.0,343.0
202107271233.jpg,0.14,2.03,353.0
202107271333.jpg,0.18,99.0,225.0
202107271433.jpg,0.19,99.0,231.0
202107271533.jpg,0.2,99.0,297.0
202107271633.jpg,0.22,99.0,278.0
202107271733.jpg,0.23,3.51,285.0
202107281133.jpg,0.29,3.18,331.0
202107281233.jpg,0.22,3.41,351.0
202107281433.jpg,0.16,2.44,265.0
202107281533.jpg,0.14,99.0,81.0
202107281633.jpg,0.1,2.6,32.0
202107281733.jpg,0.09,99.0,123.0
202107281833.jpg,0.13,4.69,228.0
202107281933.jpg,0.09,99.0,280.0
202107282033.jpg,0.15,2.14,219.0
202107282233.jpg,0.2,2.22,249.0
202107290033.jpg,0.28,2.21,250.0
202107290133.jpg,0.22,2.29,257.0
202107291133.jpg,0.44,3.51,311.0
202107291233.jpg,0.33,3.37,313.0
202107291333.jpg,0.3,3.21,327.0
202107291433.jpg,0.27,3.37,304.0
202107291533.jpg,0.29,3.14,325.0
202107291633.jpg,0.39,2.48,355.0
202107291733.jpg,0.53,3.06,5.0
202107291833.jpg,0.69,3.47,19.0
202107291933.jpg,0.87,4.08,34.0
202107292033.jpg,0.99,4.92,36.0
202107292133.jpg,1.22,5.31,40.0
202107292233.jpg,1.45,5.41,26.0
202107300033.jpg,1.56,6.12,26.0
202107300133.jpg,1.43,6.98,14.0
202107301133.jpg,1.07,6.38,60.0
202107301233.jpg,1.39,8.11,29.0
202107301333.jpg,1.54,7.32,29.0
202107301433.jpg,1.28,6.45,39.0
202107301533.jpg,1.16,6.82,33.0
202107301633.jpg,0.97,5.72,360.0
202107301733.jpg,0.96,6.52,3.0
202107301833.jpg,0.93,6.19,343.0
202107301933.jpg,1.18,4.96,30.0
202107302033.jpg,1.09,5.77,16.0
202107302233.jpg,0.99,6.0,26.0
202107310033.jpg,0.98,5.77,33.0
202107310133.jpg,0.97,4.69,31.0
202107311133.jpg,0.4,3.73,342.0
202107311233.jpg,0.41,4.65,354.0
202107311333.jpg,0.37,4.23,348.0
202107311433.jpg,0.34,4.45,345.0
202107311533.jpg,0.29,4.14,333.0
202107311633.jpg,0.26,3.49,345.0
202107311733.jpg,0.23,3.08,13.0
202107311833.jpg,0.2,4.0,18.0
202107311933.jpg,0.17,3.35,58.0
202107312033.jpg,0.14,2.26,20.0
202107312133.jpg,0.12,3.87,340.0
202107312233.jpg,0.15,99.0,327.0
202108010033.jpg,0.4,2.84,288.0
202108010133.jpg,0.47,3.08,295.0
202108011933.jpg,1.2,6.38,344.0
202108012033.jpg,1.26,6.74,344.0
202108012133.jpg,1.42,6.98,28.0
202108012233.jpg,1.67,6.82,12.0
202108020033.jpg,1.27,6.59,4.0
202108021133.jpg,0.53,4.73,9.0
202108021233.jpg,0.51,5.09,10.0
202108021333.jpg,0.47,5.04,21.0
202108021433.jpg,0.46,4.14,12.0
202108021533.jpg,0.43,4.41,22.0
202108021633.jpg,0.45,4.41,20.0
202108021733.jpg,0.41,4.51,35.0
202108021833.jpg,0.39,3.97,11.0
202108021933.jpg,0.34,3.97,11.0
202108022133.jpg,0.26,3.53,350.0
202108022233.jpg,0.23,4.23,358.0
202108030133.jpg,0.23,4.96,256.0
202108031133.jpg,0.09,3.73,1.0
202108031233.jpg,0.09,3.64,10.0
202108031333.jpg,0.1,3.64,35.0
202108031433.jpg,0.09,3.95,340.0
202108031633.jpg,0.08,3.3,338.0
202108031733.jpg,0.09,2.69,353.0
202108031833.jpg,0.08,3.28,95.0
202108031933.jpg,0.07,2.78,28.0
202108032133.jpg,0.1,99.0,58.0
202108032233.jpg,0.12,99.0,72.0
202108040033.jpg,0.13,99.0,48.0
202108040133.jpg,0.15,99.0,109.0
202108041133.jpg,0.07,2.94,6.0
202108041233.jpg,0.06,2.41,288.0
202108041333.jpg,0.12,2.29,112.0
202108041433.jpg,0.09,99.0,91.0
202108041533.jpg,0.15,99.0,80.0
202108041633.jpg,0.17,99.0,45.0
202108041733.jpg,0.18,99.0,41.0
202108041833.jpg,0.15,99.0,58.0
202108041933.jpg,0.17,99.0,74.0
202108042033.jpg,0.18,99.0,52.0
202108042233.jpg,0.11,2.02,36.0
202108050033.jpg,0.19,99.0,155.0
202108050133.jpg,0.19,99.0,160.0
202108051133.jpg,0.17,2.25,276.0
202108051233.jpg,0.15,2.2,288.0
202108051333.jpg,0.16,2.09,317.0
202108051433.jpg,0.17,99.0,226.0
202108051533.jpg,0.18,99.0,177.0
202108051633.jpg,0.21,99.0,174.0
202108051733.jpg,0.23,99.0,179.0
202108051833.jpg,0.23,99.0,190.0
202108051933.jpg,0.23,99.0,214.0
202108052033.jpg,0.22,2.52,254.0
202108052133.jpg,0.19,2.14,242.0
202108052233.jpg,0.21,99.0,217.0
202108060033.jpg,0.28,99.0,194.0
202108061133.jpg,0.36,9.23,247.0
202108061233.jpg,0.33,3.06,259.0
202108061333.jpg,0.28,2.79,276.0
202108061433.jpg,0.24,2.86,280.0
202108061533.jpg,0.26,2.39,237.0
202108061633.jpg,0.3,2.57,248.0
202108061733.jpg,0.51,2.91,266.0
202108061833.jpg,0.36,3.3,218.0
202108061933.jpg,0.27,8.96,284.0
202108062033.jpg,0.21,9.38,257.0
202108062133.jpg,0.22,2.39,208.0
202108070033.jpg,0.49,3.53,330.0
202108070133.jpg,0.54,4.48,327.0
202108071133.jpg,0.23,2.54,268.0
202108071233.jpg,0.19,2.12,207.0
202108071333.jpg,0.2,2.3,149.0
202108071433.jpg,0.16,2.07,155.0
202108071533.jpg,0.18,2.16,161.0
202108071633.jpg,0.17,2.09,159.0
202108071733.jpg,0.16,2.69,125.0
202108071833.jpg,0.13,99.0,175.0
202108071933.jpg,0.12,2.08,215.0
202108072033.jpg,0.16,99.0,234.0
202108072133.jpg,0.18,99.0,229.0
202108072233.jpg,0.17,99.0,250.0
202108080033.jpg,0.17,99.0,227.0
202108080133.jpg,0.31,99.0,216.0
202108081133.jpg,0.38,2.28,229.0
202108081233.jpg,0.35,2.09,211.0
202108081333.jpg,0.39,2.22,197.0
202108081433.jpg,0.42,2.22,196.0
202108081533.jpg,0.47,2.8,224.0
202108081733.jpg,0.42,2.14,211.0
202108081833.jpg,0.43,2.14,211.0
202108082133.jpg,0.24,2.94,281.0
202108082233.jpg,0.36,2.51,248.0
202108090033.jpg,0.3,2.68,287.0
202108090133.jpg,0.28,2.82,284.0
202108091133.jpg,0.37,3.77,229.0
202108091233.jpg,0.39,2.02,202.0
202108091333.jpg,0.38,2.14,202.0
202108091433.jpg,0.42,2.72,218.0
202108091533.jpg,0.41,2.79,216.0
202108091633.jpg,0.45,3.11,235.0
202108091733.jpg,0.4,2.89,244.0
202108091833.jpg,0.41,2.69,247.0
202108091933.jpg,0.4,2.45,221.0
202108092033.jpg,0.35,2.48,221.0
202108092133.jpg,0.5,2.63,185.0
202108100033.jpg,0.55,3.33,233.0
202108100133.jpg,0.46,3.47,282.0
202108101133.jpg,0.1,2.75,333.0
202108101233.jpg,0.11,2.64,343.0
202108101333.jpg,0.1,2.68,334.0
202108101433.jpg,0.12,2.93,264.0
202108101533.jpg,0.1,2.43,321.0
202108101633.jpg,0.3,2.26,206.0
202108101733.jpg,0.37,2.67,218.0
202108101833.jpg,0.35,2.87,230.0
202108101933.jpg,0.39,3.09,239.0
202108102033.jpg,0.42,2.68,234.0
202108102233.jpg,0.81,4.32,277.0
202108110033.jpg,0.58,5.13,326.0
202108111133.jpg,0.54,3.28,272.0
202108111233.jpg,0.92,4.26,292.0
202108111333.jpg,0.69,5.04,297.0
202108111433.jpg,0.59,4.38,285.0
202108111533.jpg,0.51,4.29,280.0
202108111633.jpg,0.48,8.83,293.0
202108111733.jpg,0.47,3.47,284.0
202108111833.jpg,0.44,3.18,280.0
202108111933.jpg,0.45,3.3,267.0
202108112033.jpg,0.48,3.08,257.0
202108112133.jpg,0.6,3.59,255.0
202108112233.jpg,0.66,3.57,246.0
202108120033.jpg,0.83,3.97,251.0
202108120133.jpg,0.89,4.17,259.0
202108121133.jpg,0.23,2.87,320.0
202108121233.jpg,0.3,2.21,260.0
202108121333.jpg,0.42,2.63,239.0
202108121433.jpg,0.55,3.24,244.0
202108121533.jpg,0.62,3.59,251.0
202108121633.jpg,0.56,3.62,261.0
202108121733.jpg,0.5,3.64,267.0
202108121833.jpg,0.42,3.43,283.0
202108121933.jpg,0.39,3.66,292.0
202108122033.jpg,0.39,3.02,299.0
202108122133.jpg,0.49,3.35,305.0
202108122233.jpg,0.48,3.28,298.0
202108130033.jpg,0.43,3.24,230.0
202108130133.jpg,0.36,2.77,258.0
202108131133.jpg,0.42,3.24,354.0
202108131333.jpg,0.56,3.97,3.0
202108131433.jpg,0.59,3.85,11.0
202108131533.jpg,0.65,3.82,2.0
202108131633.jpg,0.55,4.29,9.0
202108131733.jpg,0.45,4.11,21.0
202108131833.jpg,0.51,4.29,313.0
202108131933.jpg,0.44,4.45,32.0
202108132033.jpg,0.44,4.55,359.0
202108132133.jpg,0.43,4.26,8.0
202108132233.jpg,0.36,4.26,10.0
202108141133.jpg,0.46,3.77,24.0
202108141233.jpg,0.44,4.23,33.0
202108141333.jpg,0.42,4.23,21.0
202108141433.jpg,0.42,4.35,31.0
202108141533.jpg,0.43,4.11,33.0
202108141633.jpg,0.45,4.03,34.0
202108141733.jpg,0.48,4.45,33.0
202108141833.jpg,0.57,2.73,30.0
202108141933.jpg,0.57,2.87,30.0
202108142033.jpg,0.62,3.03,27.0
202108142133.jpg,0.59,3.47,21.0
202108142233.jpg,0.5,3.32,24.0
202108150033.jpg,0.41,3.03,35.0
202108150133.jpg,0.38,2.78,43.0
202108151133.jpg,0.18,99.0,131.0
202108151233.jpg,0.22,99.0,124.0
202108151333.jpg,0.24,99.0,113.0
202108151433.jpg,0.27,99.0,21.0
202108151533.jpg,0.34,99.0,33.0
202108151633.jpg,0.37,2.48,28.0
202108151733.jpg,0.42,2.64,31.0
202108151833.jpg,0.5,2.9,22.0
202108151933.jpg,0.55,3.03,32.0
202108152033.jpg,0.63,3.0,33.0
202108152133.jpg,0.55,3.37,28.0
202108152233.jpg,0.52,3.16,28.0
202108160033.jpg,0.35,3.49,17.0
202108160133.jpg,0.29,3.16,28.0
202108161133.jpg,0.27,99.0,69.0
202108161233.jpg,0.28,99.0,54.0
202108161333.jpg,0.3,99.0,57.0
202108161433.jpg,0.29,99.0,43.0
202108161533.jpg,0.33,2.01,38.0
202108161633.jpg,0.34,2.27,39.0
202108161733.jpg,0.37,2.54,32.0
202108161833.jpg,0.35,2.64,40.0
202108161933.jpg,0.38,2.84,33.0
202108162033.jpg,0.39,2.89,42.0
202108162133.jpg,0.38,2.94,44.0
202108162233.jpg,0.36,2.73,34.0
202108170033.jpg,0.27,2.68,31.0
202108171133.jpg,0.08,3.19,283.0
202108171233.jpg,0.16,99.0,277.0
202108171333.jpg,0.2,99.0,14.0
202108171433.jpg,0.26,99.0,33.0
202108171533.jpg,0.29,2.1,39.0
202108171633.jpg,0.32,2.48,32.0
202108171733.jpg,0.37,2.39,29.0
202108171833.jpg,0.36,2.55,36.0
202108171933.jpg,0.32,2.9,28.0
202108172033.jpg,0.28,2.72,30.0
202108172133.jpg,0.29,2.8,36.0
202108172233.jpg,0.25,2.61,34.0
202108180033.jpg,0.2,2.55,36.0
202108181133.jpg,0.09,3.09,320.0
202108181233.jpg,0.14,99.0,293.0
202108181333.jpg,0.21,99.0,6.0
202108181433.jpg,0.22,99.0,15.0
202108181533.jpg,0.28,2.01,26.0
202108181633.jpg,0.28,2.19,30.0
202108181733.jpg,0.27,2.26,33.0
202108181833.jpg,0.22,2.22,24.0
202108181933.jpg,0.19,2.15,16.0
202108182033.jpg,0.21,2.27,21.0
202108182133.jpg,0.25,2.42,25.0
202108182233.jpg,0.26,2.58,29.0
202108190033.jpg,0.18,2.36,31.0
202108191133.jpg,0.12,2.57,323.0
202108191233.jpg,0.11,2.55,323.0
202108191333.jpg,0.15,3.18,343.0
202108191433.jpg,0.16,99.0,340.0
202108191533.jpg,0.22,99.0,5.0
202108191633.jpg,0.23,99.0,5.0
202108191733.jpg,0.2,99.0,11.0
202108191833.jpg,0.24,2.13,20.0
202108191933.jpg,0.19,2.17,17.0
202108192033.jpg,0.19,2.16,24.0
202108192133.jpg,0.17,2.52,20.0
202108192233.jpg,0.15,2.25,19.0
202108200033.jpg,0.12,2.32,25.0
202108201133.jpg,0.09,2.63,15.0
202108201233.jpg,0.08,2.25,186.0
202108201333.jpg,0.1,2.62,20.0
202108201433.jpg,0.13,2.48,283.0
202108201533.jpg,0.15,99.0,241.0
202108201633.jpg,0.16,99.0,316.0
202108201733.jpg,0.2,99.0,61.0
202108201833.jpg,0.16,99.0,13.0
202108201933.jpg,0.16,99.0,15.0
202108202033.jpg,0.13,99.0,30.0
202108202133.jpg,0.1,99.0,6.0
202108202233.jpg,0.11,99.0,2.0
202108210033.jpg,0.08,99.0,336.0
202108211133.jpg,0.17,99.0,187.0
202108211233.jpg,0.29,2.07,184.0
202108211333.jpg,0.26,2.14,190.0
202108211433.jpg,0.24,99.0,192.0
202108211533.jpg,0.21,2.18,212.0
202108211633.jpg,0.15,10.0,229.0
202108211733.jpg,0.13,5.31,228.0
202108211833.jpg,0.13,4.08,177.0
202108211933.jpg,0.16,3.39,359.0
202108212033.jpg,0.13,2.82,351.0
202108212133.jpg,0.28,3.39,310.0
202108212233.jpg,0.24,3.26,298.0
202108220033.jpg,0.14,2.8,282.0
202108220133.jpg,0.14,2.78,265.0
202108221133.jpg,0.94,5.83,337.0
202108221233.jpg,0.77,5.61,341.0
202108221333.jpg,0.87,6.12,326.0
202108221433.jpg,0.72,6.38,8.0
202108221533.jpg,0.75,6.59,68.0
202108221633.jpg,1.06,6.45,17.0
202108221733.jpg,0.94,5.77,14.0
202108221833.jpg,0.9,4.96,25.0
202108221933.jpg,0.92,5.51,24.0
202108222033.jpg,0.89,6.0,17.0
202108222133.jpg,0.93,4.51,25.0
202108222233.jpg,1.15,5.09,16.0
202108231533.jpg,0.28,4.14,11.0
202108231633.jpg,0.26,4.17,10.0
202108231733.jpg,0.21,3.73,10.0
202108231833.jpg,0.2,3.95,1.0
202108231933.jpg,0.17,3.68,342.0
202108232033.jpg,0.15,4.45,0.0
202108232133.jpg,0.13,3.62,352.0
202108232233.jpg,0.16,99.0,217.0
202108240033.jpg,0.19,99.0,168.0
202108241133.jpg,0.13,2.68,267.0
202108241233.jpg,0.14,2.67,263.0
202108241333.jpg,0.13,2.66,265.0
202108241433.jpg,0.18,2.63,228.0
202108241533.jpg,0.18,2.39,239.0
202108241633.jpg,0.16,99.0,229.0
202108241733.jpg,0.14,99.0,204.0
202108241833.jpg,0.24,99.0,205.0
202108241933.jpg,1.02,3.97,27.0
202108251133.jpg,0.18,2.64,287.0
202108251233.jpg,0.16,2.46,285.0
202108251333.jpg,0.13,2.51,288.0
202108251433.jpg,0.12,2.43,289.0
202108251533.jpg,0.09,2.32,280.0
202108251633.jpg,0.11,2.37,169.0
202108251733.jpg,0.08,2.4,273.0
202108251833.jpg,0.09,2.11,186.0
202108251933.jpg,0.06,3.47,303.0
202108252033.jpg,0.09,99.0,289.0
202108252133.jpg,0.46,3.51,252.0
202108252233.jpg,0.69,3.32,285.0
202108260033.jpg,0.32,2.8,323.0
202108261133.jpg,0.12,2.79,300.0
202108261233.jpg,0.09,2.39,311.0
202108261333.jpg,0.08,2.43,311.0
202108261433.jpg,0.07,2.78,352.0
202108261533.jpg,0.12,2.49,154.0
202108261633.jpg,0.08,2.04,242.0
202108261733.jpg,0.06,2.45,342.0
202108261833.jpg,0.08,2.43,153.0
202108261933.jpg,0.09,99.0,268.0
202108262033.jpg,0.16,99.0,72.0
202108262133.jpg,0.18,99.0,53.0
202108262233.jpg,0.23,99.0,110.0
202108271133.jpg,0.16,4.03,13.0
202108271233.jpg,0.16,4.14,12.0
202108271333.jpg,0.17,4.03,11.0
202108271433.jpg,0.17,4.73,7.0
202108271533.jpg,0.19,4.92,18.0
202108271633.jpg,0.17,4.62,358.0
202108271733.jpg,0.17,4.73,7.0
202108271833.jpg,0.22,4.62,6.0
202108271933.jpg,0.19,5.13,357.0
202108272033.jpg,0.19,6.74,354.0
202108272133.jpg,0.23,6.25,26.0
202108272233.jpg,0.31,6.0,16.0
202108280033.jpg,0.38,5.83,235.0
202108281133.jpg,0.23,2.43,293.0
202108281233.jpg,0.17,2.49,270.0
202108281333.jpg,0.19,2.34,261.0
202108281433.jpg,0.23,2.02,225.0
202108281633.jpg,0.23,2.34,226.0
202108281733.jpg,0.25,2.33,226.0
202108281833.jpg,0.27,2.27,220.0
202108281933.jpg,0.24,2.55,235.0
202108282033.jpg,0.21,2.21,252.0
202108282133.jpg,0.21,2.41,274.0
202108282233.jpg,0.23,3.62,300.0
202108290033.jpg,0.27,99.0,200.0
202108291133.jpg,0.29,2.89,273.0
202108291233.jpg,0.42,2.99,255.0
202108291333.jpg,0.45,3.19,256.0
202108291433.jpg,0.5,3.28,286.0
202108291533.jpg,0.8,3.68,241.0
202108291633.jpg,0.41,3.43,317.0
202108291733.jpg,0.57,3.68,281.0
202108291833.jpg,0.39,3.28,285.0
202108291933.jpg,0.33,3.7,305.0
202108292033.jpg,0.52,3.82,285.0
202108292133.jpg,0.48,3.3,304.0
202108301133.jpg,0.37,3.28,10.0
202108301233.jpg,0.31,3.28,6.0
202108301333.jpg,0.29,2.96,12.0
202108301433.jpg,0.3,3.06,12.0
202108301533.jpg,0.3,3.41,10.0
202108301633.jpg,0.26,3.64,14.0
202108301733.jpg,0.25,3.77,26.0
202108301833.jpg,0.27,4.45,20.0
202108301933.jpg,0.27,4.29,9.0
202108302033.jpg,0.29,3.9,27.0
202108302133.jpg,0.32,3.95,29.0
202108302233.jpg,0.31,3.59,28.0
202108310033.jpg,0.27,3.53,27.0
202108311133.jpg,0.23,99.0,133.0
202108311233.jpg,0.17,99.0,125.0
202108311333.jpg,0.16,99.0,80.0
202108311433.jpg,0.28,99.0,61.0
202108311533.jpg,0.38,2.36,56.0
202108311633.jpg,0.44,2.43,49.0
202108311733.jpg,0.51,2.96,45.0
202108311833.jpg,0.62,3.18,42.0
202108311933.jpg,0.94,3.85,44.0
202108312033.jpg,1.0,4.32,46.0
202108312133.jpg,1.07,4.58,43.0
202108312233.jpg,1.01,4.55,54.0
202109010033.jpg,0.91,4.92,37.0
202109011133.jpg,1.01,5.36,10.0
202109011233.jpg,0.95,5.04,16.0
202109011333.jpg,0.98,5.0,9.0
202109011433.jpg,0.94,5.31,11.0
202109011533.jpg,1.06,5.26,13.0
202109011633.jpg,1.0,4.96,13.0
202109011733.jpg,0.98,5.26,14.0
202109011833.jpg,1.12,4.69,6.0
202109011933.jpg,1.08,4.92,9.0
202109012033.jpg,1.24,5.26,9.0
202109012133.jpg,1.37,5.77,20.0
202109012233.jpg,1.29,5.31,22.0
202109020033.jpg,1.22,5.72,15.0
202109021133.jpg,0.5,4.84,8.0
202109021233.jpg,0.47,5.09,350.0
202109021333.jpg,0.46,5.22,336.0
202109021433.jpg,0.44,4.76,343.0
202109021533.jpg,0.47,4.32,311.0
202109021633.jpg,0.43,5.26,344.0
202109021733.jpg,0.47,3.85,320.0
202109021833.jpg,0.46,5.09,348.0
202109021933.jpg,0.41,3.97,37.0
202109022033.jpg,0.38,4.69,5.0
202109022233.jpg,0.35,3.97,353.0
202109030033.jpg,0.31,4.58,359.0
202109031133.jpg,0.23,99.0,160.0
202109031233.jpg,0.22,99.0,150.0
202109031333.jpg,0.22,99.0,171.0
202109031433.jpg,0.19,3.77,213.0
202109031533.jpg,0.13,3.41,278.0
202109031633.jpg,0.21,99.0,106.0
202109031733.jpg,0.3,2.11,101.0
202109031833.jpg,0.27,2.03,83.0
202109031933.jpg,0.26,99.0,78.0
202109032033.jpg,0.24,99.0,76.0
202109032133.jpg,0.24,99.0,101.0
202109032233.jpg,0.24,99.0,108.0
202109040033.jpg,0.23,99.0,140.0
202109041133.jpg,0.35,2.57,226.0
202109041233.jpg,0.3,2.47,243.0
202109041333.jpg,0.28,99.0,222.0
202109041433.jpg,0.26,2.2,226.0
202109041533.jpg,0.29,2.14,235.0
202109041633.jpg,0.29,2.8,250.0
202109041733.jpg,0.29,2.75,253.0
202109041833.jpg,0.24,3.09,266.0
202109041933.jpg,0.26,3.0,275.0
202109042033.jpg,0.25,3.16,273.0
202109042133.jpg,0.33,2.42,289.0
202109042233.jpg,0.71,3.28,328.0
202109050033.jpg,1.05,5.17,354.0
202109051133.jpg,0.75,4.69,7.0
202109051233.jpg,0.69,4.45,18.0
202109051333.jpg,0.54,4.65,347.0
202109051433.jpg,0.68,4.84,16.0
202109051533.jpg,0.58,5.04,14.0
202109051633.jpg,0.49,4.73,14.0
202109051733.jpg,0.4,4.26,14.0
202109051833.jpg,0.36,4.23,32.0
202109051933.jpg,0.34,4.14,52.0
202109052033.jpg,0.42,4.88,311.0
202109052133.jpg,0.64,3.66,285.0
202109052233.jpg,0.76,3.23,284.0
202109060033.jpg,0.79,3.85,290.0
202109061233.jpg,0.44,4.48,2.0
202109061333.jpg,0.46,4.84,351.0
202109061433.jpg,0.56,5.77,26.0
202109061533.jpg,0.49,5.46,357.0
202109061633.jpg,0.52,5.51,348.0
202109061733.jpg,0.5,5.56,359.0
202109061833.jpg,0.41,5.26,4.0
202109061933.jpg,0.4,5.56,356.0
202109062033.jpg,0.38,5.36,28.0
202109062133.jpg,0.42,8.83,14.0
202109062233.jpg,0.5,5.17,352.0
202109070033.jpg,0.44,4.76,81.0
202109071133.jpg,0.52,3.24,277.0
202109071233.jpg,0.56,3.3,289.0
202109071333.jpg,0.61,3.7,268.0
202109071433.jpg,0.72,4.0,276.0
202109071533.jpg,0.85,4.11,250.0
202109071633.jpg,0.74,4.17,331.0
202109071733.jpg,0.94,4.23,340.0
202109071833.jpg,0.89,4.76,334.0
202109071933.jpg,0.7,4.45,293.0
202109072033.jpg,0.51,4.41,290.0
202109072133.jpg,0.43,3.68,275.0
202109072233.jpg,0.37,3.35,281.0
202109080033.jpg,0.4,3.19,256.0
202109081133.jpg,0.83,4.65,344.0
202109081233.jpg,0.72,4.48,340.0
202109081333.jpg,0.62,4.45,347.0
202109081433.jpg,0.89,4.96,328.0
202109081533.jpg,0.77,5.61,327.0
202109081633.jpg,0.85,5.41,325.0
202109081733.jpg,1.06,4.03,336.0
202109081833.jpg,1.08,4.45,341.0
202109081933.jpg,1.05,4.84,355.0
202109082033.jpg,0.98,5.17,340.0
202109082133.jpg,1.28,5.26,320.0
202109082233.jpg,1.3,4.38,344.0
202109090033.jpg,1.19,5.31,351.0
202109091133.jpg,0.59,5.04,346.0
202109091233.jpg,0.67,5.22,359.0
202109091333.jpg,0.63,5.51,19.0
202109091433.jpg,0.65,5.66,331.0
202109091533.jpg,0.75,5.83,25.0
202109091633.jpg,0.68,6.32,42.0
202109091733.jpg,0.56,5.17,3.0
202109091833.jpg,0.51,5.13,333.0
202109091933.jpg,0.64,5.22,4.0
202109092033.jpg,0.68,5.04,350.0
202109092133.jpg,0.55,4.11,355.0
202109092233.jpg,0.44,5.46,357.0
202109100033.jpg,0.36,4.35,342.0
202109101133.jpg,0.17,4.23,302.0
202109101233.jpg,0.13,4.0,352.0
202109101333.jpg,0.11,4.11,8.0
202109101433.jpg,0.1,4.08,6.0
202109101533.jpg,0.15,4.0,111.0
202109101633.jpg,0.08,5.36,360.0
202109101733.jpg,0.08,99.0,66.0
202109101833.jpg,0.17,99.0,177.0
202109101933.jpg,0.11,99.0,247.0
202109102033.jpg,0.11,2.5,263.0
202109102133.jpg,0.23,99.0,182.0
202109102233.jpg,0.24,99.0,206.0
202109110033.jpg,0.31,99.0,177.0
202109111133.jpg,0.3,2.91,274.0
202109111233.jpg,0.23,2.69,290.0
202109111333.jpg,0.23,2.51,262.0
202109111433.jpg,0.25,99.0,235.0
202109111533.jpg,0.27,9.23,226.0
202109111633.jpg,0.29,8.83,195.0
202109111733.jpg,0.41,3.05,231.0
202109111833.jpg,0.42,2.87,232.0
202109111933.jpg,0.41,3.23,238.0
202109112033.jpg,0.37,2.89,244.0
202109121133.jpg,0.44,3.32,278.0
202109121233.jpg,0.35,3.02,292.0
202109121333.jpg,0.26,3.53,288.0
202109121433.jpg,0.22,3.08,283.0
202109121533.jpg,0.17,2.66,280.0
202109121633.jpg,0.19,2.62,281.0
202109121733.jpg,0.21,2.75,255.0
202109121833.jpg,0.21,2.67,234.0
202109121933.jpg,0.31,2.61,247.0
202109122033.jpg,0.32,2.57,284.0
202109122133.jpg,0.43,2.94,312.0
202109122233.jpg,0.62,3.68,299.0
202109130033.jpg,0.58,3.95,355.0
202109131133.jpg,0.38,4.23,330.0
202109131233.jpg,0.32,3.92,339.0
202109131333.jpg,0.28,3.59,16.0
202109131433.jpg,0.28,3.77,16.0
202109131533.jpg,0.22,3.73,13.0
202109131833.jpg,0.34,3.97,0.0
202109131933.jpg,0.31,4.11,355.0
202109132033.jpg,0.28,4.26,351.0
202109132133.jpg,0.29,4.29,290.0
202109132233.jpg,0.31,4.11,255.0
202109140033.jpg,0.31,99.0,217.0
202109141133.jpg,0.46,3.35,304.0
202109141233.jpg,0.46,9.84,313.0
202109141333.jpg,0.49,3.73,310.0
202109141433.jpg,0.5,3.45,306.0
202109141533.jpg,0.46,3.73,314.0
202109141633.jpg,0.6,3.85,289.0
202109141733.jpg,0.42,3.7,312.0
202109141833.jpg,0.51,3.14,344.0
202109141933.jpg,0.68,3.08,23.0
202109142033.jpg,1.02,4.38,17.0
202109142133.jpg,1.08,4.8,20.0
202109142233.jpg,1.44,5.26,5.0
202109150033.jpg,1.12,5.88,13.0
202109151133.jpg,0.61,4.96,15.0
202109151233.jpg,0.54,4.51,14.0
202109151333.jpg,0.54,5.04,16.0
202109151433.jpg,0.5,4.69,14.0
202109151533.jpg,0.6,4.76,19.0
202109151633.jpg,0.56,5.13,17.0
202109151733.jpg,0.59,3.39,13.0
202109151833.jpg,0.55,4.92,12.0
202109151933.jpg,0.55,4.73,18.0
202109152033.jpg,0.47,4.55,25.0
202109152133.jpg,0.38,4.45,4.0
202109152233.jpg,0.41,2.67,26.0
202109160033.jpg,0.33,3.24,30.0
202109161133.jpg,0.18,99.0,247.0
202109161233.jpg,0.16,3.55,328.0
202109161333.jpg,0.11,3.85,278.0
202109161433.jpg,0.11,3.32,302.0
202109161533.jpg,0.18,99.0,347.0
202109161633.jpg,0.21,99.0,7.0
202109161733.jpg,0.24,99.0,6.0
202109161833.jpg,0.25,99.0,10.0
202109161933.jpg,0.25,2.05,19.0
202109162033.jpg,0.22,2.11,10.0
202109162133.jpg,0.21,2.17,2.0
202109170033.jpg,0.27,2.01,155.0
202109171133.jpg,0.16,2.15,250.0
202109171233.jpg,0.14,2.34,273.0
202109171333.jpg,0.11,2.17,249.0
202109171433.jpg,0.09,2.45,246.0
202109171533.jpg,0.11,99.0,223.0
202109171633.jpg,0.08,2.1,205.0
202109171733.jpg,0.1,99.0,134.0
202109171833.jpg,0.08,2.73,164.0
202109171933.jpg,0.1,4.14,121.0
202109172033.jpg,0.09,3.37,339.0
202109172133.jpg,0.07,2.45,326.0
202109172233.jpg,0.16,99.0,341.0
202109180033.jpg,0.32,2.52,349.0
202109181133.jpg,0.83,6.06,31.0
202109181233.jpg,0.77,5.94,46.0
202109181333.jpg,0.78,5.36,41.0
202109181433.jpg,0.81,5.41,37.0
202109181533.jpg,0.82,5.17,31.0
202109181633.jpg,0.65,4.73,34.0
202109181733.jpg,0.69,5.13,42.0
202109181833.jpg,0.71,3.77,21.0
202109181933.jpg,0.69,3.62,24.0
202109182033.jpg,0.69,3.82,22.0
202109182133.jpg,0.66,3.8,31.0
202109182233.jpg,0.7,3.7,17.0
202109190033.jpg,0.54,4.2,23.0
202109191133.jpg,0.18,3.49,6.0
202109191233.jpg,0.18,3.97,290.0
202109191333.jpg,0.23,3.9,46.0
202109191433.jpg,0.26,99.0,63.0
202109191533.jpg,0.22,3.28,32.0
202109191633.jpg,0.2,99.0,101.0
202109191733.jpg,0.23,3.14,102.0
202109191833.jpg,0.22,99.0,92.0
202109191933.jpg,0.19,99.0,63.0
202109192033.jpg,0.15,99.0,46.0
202109192133.jpg,0.15,99.0,50.0
202109192233.jpg,0.23,99.0,163.0
202109200033.jpg,0.15,99.0,155.0
202109201133.jpg,0.25,99.0,199.0
202109201233.jpg,0.27,2.28,217.0
202109201333.jpg,0.27,2.37,230.0
202109201433.jpg,0.26,2.64,242.0
202109201533.jpg,0.32,2.43,236.0
202109201633.jpg,0.27,2.67,215.0
202109201733.jpg,0.31,2.7,238.0
202109201833.jpg,0.38,2.74,224.0
202109202033.jpg,0.41,2.33,181.0
202109202133.jpg,0.42,2.44,177.0
202109202233.jpg,0.39,2.46,182.0
202109211133.jpg,0.77,4.14,4.0
202109211233.jpg,0.84,4.55,3.0
202109211333.jpg,0.72,4.76,18.0
202109211433.jpg,0.76,4.88,24.0
202109211533.jpg,0.88,5.0,39.0
202109211633.jpg,0.97,5.77,46.0
202109211733.jpg,1.38,5.26,5.0
202109211833.jpg,1.49,5.83,2.0
202109211933.jpg,1.26,6.38,0.0
202109212033.jpg,1.31,5.51,4.0
202109212233.jpg,1.47,6.52,3.0
202109221133.jpg,2.39,7.6,26.0
202109221233.jpg,2.35,8.11,349.0
202109221333.jpg,2.25,7.9,13.0
202109221433.jpg,2.09,8.11,329.0
202109221533.jpg,3.05,8.45,11.0
202109221633.jpg,3.27,8.83,11.0
202109221733.jpg,3.5,8.7,19.0
202109221933.jpg,3.86,8.7,49.0
202109222033.jpg,4.54,9.53,49.0
202109222133.jpg,3.79,9.84,60.0
202109222233.jpg,3.13,9.23,59.0
202109231233.jpg,2.93,6.82,341.0
202109231333.jpg,3.3,9.53,339.0
202109231433.jpg,2.72,7.41,358.0
202109231533.jpg,2.87,7.6,350.0
202109231633.jpg,2.06,6.67,41.0
202109231733.jpg,1.83,6.67,45.0
202109231833.jpg,1.48,8.96,56.0
202109231933.jpg,1.15,7.06,41.0
202109232033.jpg,1.06,8.57,325.0
202109232133.jpg,1.11,8.45,340.0
202109232233.jpg,0.86,5.41,344.0
202109241133.jpg,0.65,5.66,299.0
202109241233.jpg,0.58,4.8,254.0
202109241333.jpg,0.51,5.46,310.0
202109241433.jpg,0.51,4.73,231.0
202109241533.jpg,0.53,5.22,209.0
202109241633.jpg,0.48,2.74,279.0
202109241733.jpg,0.47,5.94,260.0
202109241833.jpg,0.42,3.14,255.0
202109241933.jpg,0.4,9.68,221.0
202109242033.jpg,0.46,8.83,197.0
202109242133.jpg,0.64,2.8,232.0
202109242233.jpg,0.62,3.39,240.0
202109251133.jpg,1.09,5.83,356.0
202109251233.jpg,1.16,6.67,5.0
202109251333.jpg,1.02,6.25,3.0
202109251433.jpg,0.9,5.56,4.0
202109251533.jpg,0.88,5.26,21.0
202109251633.jpg,0.84,5.72,33.0
202109251733.jpg,0.76,5.46,16.0
202109251833.jpg,0.58,5.41,332.0
202109251933.jpg,0.64,5.46,296.0
202109252033.jpg,0.85,3.53,332.0
202109252133.jpg,0.92,3.66,321.0
202109252233.jpg,0.94,3.97,315.0
202109261133.jpg,0.64,3.9,285.0
202109261233.jpg,0.56,3.66,286.0
202109261333.jpg,0.48,3.21,283.0
202109261433.jpg,0.49,3.18,279.0
202109261533.jpg,0.44,3.09,276.0
202109261633.jpg,0.44,3.23,290.0
202109261733.jpg,0.41,3.62,288.0
202109261833.jpg,0.41,3.24,294.0
202109261933.jpg,0.39,3.39,282.0
202109262033.jpg,0.35,3.14,285.0
202109262133.jpg,0.36,2.94,266.0
202109262233.jpg,0.36,3.03,259.0
202109271133.jpg,0.34,3.16,272.0
202109271233.jpg,0.24,2.42,287.0
202109271333.jpg,0.21,3.14,293.0
202109271433.jpg,0.26,2.89,303.0
202109271533.jpg,0.22,2.94,310.0
202109271633.jpg,0.2,2.94,305.0
202109271733.jpg,0.17,2.64,277.0
202109271833.jpg,0.29,99.0,40.0
202109271933.jpg,0.41,2.57,14.0
202109272033.jpg,0.61,3.43,21.0
202109272133.jpg,0.81,4.38,15.0
202109272233.jpg,0.79,4.62,8.0
202109281133.jpg,0.68,6.32,345.0
202109281233.jpg,0.59,6.25,360.0
202109281333.jpg,0.84,5.77,354.0
202109281433.jpg,0.81,4.76,13.0
202109281533.jpg,0.82,5.22,6.0
202109281633.jpg,0.74,5.09,15.0
202109281733.jpg,0.69,5.09,23.0
202109281833.jpg,0.69,5.04,16.0
202109281933.jpg,0.68,4.32,11.0
202109282033.jpg,0.66,4.48,11.0
202109282133.jpg,0.6,3.08,4.0
202109282233.jpg,0.57,3.7,14.0
202109291133.jpg,0.22,3.68,333.0
202109291233.jpg,0.15,3.8,346.0
202109291333.jpg,0.15,3.28,332.0
202109291433.jpg,0.18,3.53,10.0
202109291533.jpg,0.21,99.0,29.0
202109291933.jpg,0.41,2.83,47.0
202109292033.jpg,0.49,3.14,56.0
202109292133.jpg,0.39,2.68,45.0
202109292233.jpg,0.37,3.18,33.0
202109301133.jpg,0.21,99.0,163.0
202109301233.jpg,0.15,99.0,160.0
202109301333.jpg,0.13,3.16,238.0
202109301433.jpg,0.12,99.0,343.0
202109301533.jpg,0.17,99.0,50.0
202109301633.jpg,0.22,99.0,65.0
202109301733.jpg,0.15,99.0,18.0
202109301833.jpg,0.14,99.0,25.0
202109301933.jpg,0.15,99.0,12.0
202109302033.jpg,0.12,2.27,20.0
202109302233.jpg,0.11,2.22,17.0
202110011133.jpg,0.14,99.0,170.0
202110011233.jpg,0.09,99.0,207.0
202110011333.jpg,0.08,3.26,235.0
202110011433.jpg,0.11,2.42,223.0
202110011533.jpg,0.1,3.26,250.0
202110011633.jpg,0.1,3.28,257.0
202110011733.jpg,0.1,3.43,263.0
202110011833.jpg,0.12,99.0,182.0
202110011933.jpg,0.09,99.0,269.0
202110012033.jpg,0.09,99.0,143.0
202110012133.jpg,0.19,99.0,154.0
202110012233.jpg,0.24,99.0,157.0
202110021133.jpg,0.23,99.0,223.0
202110021233.jpg,0.19,99.0,233.0
202110021333.jpg,0.19,2.47,244.0
202110021433.jpg,0.18,99.0,213.0
202110021533.jpg,0.19,99.0,229.0
202110021633.jpg,0.28,2.01,224.0
202110021733.jpg,0.24,2.11,240.0
202110021833.jpg,0.18,2.54,247.0
202110021933.jpg,0.14,2.21,260.0
202110022033.jpg,0.13,99.0,255.0
202110022133.jpg,0.18,99.0,232.0
202110022233.jpg,0.21,2.01,244.0
202110031133.jpg,0.18,2.19,254.0
202110031233.jpg,0.14,2.28,260.0
202110031333.jpg,0.12,2.14,270.0
202110031433.jpg,0.11,2.27,307.0
202110031533.jpg,0.07,3.53,286.0
202110031633.jpg,0.06,2.47,253.0
202110031733.jpg,0.06,2.67,304.0
202110031833.jpg,0.06,2.35,315.0
202110031933.jpg,0.12,99.0,265.0
202110032133.jpg,0.09,99.0,248.0
202110032233.jpg,0.08,3.51,267.0
202110041133.jpg,0.53,3.7,23.0
202110041233.jpg,0.56,4.08,24.0
202110041333.jpg,0.66,4.58,30.0
202110041433.jpg,0.73,4.55,34.0
202110041533.jpg,0.95,4.84,10.0
202110041633.jpg,1.02,4.73,7.0
202110041833.jpg,1.17,5.61,4.0
202110041933.jpg,1.25,5.66,22.0
202110042033.jpg,1.23,5.77,9.0
202110042133.jpg,1.17,5.26,10.0
202110042233.jpg,1.32,6.38,352.0
202110051133.jpg,0.72,5.13,323.0
202110051333.jpg,0.62,5.83,325.0
202110051533.jpg,0.63,5.31,347.0
202110051633.jpg,0.54,5.36,330.0
202110051833.jpg,0.64,4.48,17.0
202110051933.jpg,0.66,3.55,13.0
202110052033.jpg,0.74,4.73,9.0
202110052133.jpg,0.7,4.06,19.0
202110052233.jpg,0.6,3.28,353.0
202110061133.jpg,0.46,3.73,21.0
202110061233.jpg,0.44,4.23,29.0
202110061333.jpg,0.41,4.58,28.0
202110061433.jpg,0.39,4.55,36.0
202110061533.jpg,0.37,4.35,30.0
202110061633.jpg,0.36,4.58,24.0
202110061733.jpg,0.37,3.39,22.0
202110061833.jpg,0.37,3.41,21.0
202110062033.jpg,0.33,3.75,359.0
202110062133.jpg,0.36,3.87,359.0
202110062233.jpg,0.38,4.0,351.0
202110071133.jpg,0.28,3.53,79.0
202110071233.jpg,0.28,99.0,144.0
202110071333.jpg,0.27,99.0,148.0
202110071433.jpg,0.26,2.93,353.0
202110071533.jpg,0.22,3.53,357.0
202110071633.jpg,0.18,3.28,19.0
202110071733.jpg,0.18,3.49,21.0
202110071833.jpg,0.17,3.06,17.0
202110071933.jpg,0.15,3.19,3.0
202110072033.jpg,0.16,3.43,338.0
202110072133.jpg,0.14,3.73,353.0
202110072233.jpg,0.13,3.55,339.0
202110081133.jpg,0.08,3.55,348.0
202110081233.jpg,0.12,2.78,352.0
202110081333.jpg,0.1,2.97,313.0
202110081433.jpg,0.11,2.28,325.0
202110081533.jpg,0.11,3.09,338.0
202110081633.jpg,0.1,2.34,236.0
202110081733.jpg,0.08,3.24,291.0
202110081833.jpg,0.06,2.79,298.0
202110081933.jpg,0.06,2.87,20.0
202110082033.jpg,0.05,5.04,297.0
202110082133.jpg,0.08,5.31,336.0
202110082233.jpg,0.15,99.0,188.0
202110091133.jpg,0.11,99.0,156.0
202110091233.jpg,0.08,2.91,278.0
202110091333.jpg,0.11,2.33,193.0
202110091433.jpg,0.13,99.0,149.0
202110091533.jpg,0.19,99.0,102.0
202110091633.jpg,0.19,99.0,75.0
202110091733.jpg,0.23,99.0,76.0
202110091833.jpg,0.2,2.06,70.0
202110091933.jpg,0.18,2.07,46.0
202110092033.jpg,0.19,99.0,77.0
202110092133.jpg,0.26,99.0,136.0
202110092233.jpg,0.25,99.0,139.0
202110101133.jpg,0.29,2.47,253.0
202110101233.jpg,0.29,2.51,240.0
202110101333.jpg,0.32,2.75,247.0
202110101433.jpg,0.28,3.08,246.0
202110101533.jpg,0.27,2.94,250.0
202110101633.jpg,0.24,2.93,251.0
202110101733.jpg,0.19,2.57,264.0
202110101833.jpg,0.17,2.77,264.0
202110101933.jpg,0.15,99.0,330.0
202110102033.jpg,0.25,2.12,125.0
202110111133.jpg,0.42,2.36,181.0
202110111233.jpg,0.37,2.45,182.0
202110111333.jpg,0.29,2.14,201.0
202110111433.jpg,0.29,2.14,202.0
202110111533.jpg,0.31,2.05,188.0
202110111633.jpg,0.27,99.0,179.0
202110111733.jpg,0.32,2.15,140.0
202110112133.jpg,0.5,2.39,123.0
202110112233.jpg,0.44,2.64,180.0
202110121133.jpg,0.65,4.0,283.0
202110121233.jpg,0.55,4.0,275.0
202110121333.jpg,0.54,3.68,268.0
202110121433.jpg,0.52,3.75,283.0
202110121533.jpg,0.47,3.75,293.0
202110121633.jpg,0.37,3.62,306.0
202110121733.jpg,0.31,8.96,287.0
202110121833.jpg,0.49,3.49,288.0
202110121933.jpg,0.41,3.57,309.0
202110122033.jpg,0.46,3.45,319.0
202110122133.jpg,0.29,3.21,334.0
202110122233.jpg,0.28,2.89,255.0
202110131133.jpg,0.2,99.0,108.0
202110131233.jpg,0.18,99.0,115.0
202110131333.jpg,0.2,9.84,4.0
202110131433.jpg,0.16,99.0,67.0
202110131533.jpg,0.13,3.53,219.0
202110131633.jpg,0.19,9.23,293.0
202110131733.jpg,0.32,99.0,154.0
202110131833.jpg,0.41,2.26,146.0
202110131933.jpg,0.44,2.49,160.0
202110132033.jpg,0.34,2.17,166.0
202110132133.jpg,0.33,2.25,180.0
202110132233.jpg,0.37,2.47,201.0
